id,sex,degree,income,marital,age,height,weight,hrswrk
1,MALE,BACHELOR,60967.5,DIVORCED,53,72,190,60
2,FEMALE,BACHELOR,60967.5,MARRIED,26,60,97,40
4,FEMALE,BACHELOR,10161.25,MARRIED,56,68,160,20
14,FEMALE,HIGH SCHOOL,17551.25,MARRIED,40,65,156,37
16,MALE,HIGH SCHOOL,17551.25,MARRIED,56,66,210,6
19,MALE,LT HIGH SCHOOL,15703.75,MARRIED,51,68,170,50
21,FEMALE,HIGH SCHOOL,17551.25,DIVORCED,30,62,115,38
27,MALE,HIGH SCHOOL,17551.25,SEPARATED,35,70,180,40
28,MALE,BACHELOR,73900,MARRIED,57,71,225,40
30,MALE,BACHELOR,33255,DIVORCED,54,71,165,40
32,FEMALE,BACHELOR,33255,DIVORCED,61,64,128,40
38,MALE,HIGH SCHOOL,33255,DIVORCED,31,67,150,39
40,MALE,BACHELOR,73900,MARRIED,35,69,200,50
44,MALE,HIGH SCHOOL,24017.5,NEVER MARRIED,26,76,165,45
45,FEMALE,BACHELOR,88680,SEPARATED,50,67,188,60
46,FEMALE,HIGH SCHOOL,33255,NEVER MARRIED,43,68,150,40
47,MALE,JUNIOR COLLEGE,40645,NEVER MARRIED,30,72,185,45
48,MALE,HIGH SCHOOL,49882.5,MARRIED,59,70,175,40
49,FEMALE,GRADUATE,88680,MARRIED,32,66,160,40
50,MALE,HIGH SCHOOL,24017.5,MARRIED,32,66,170,40
51,FEMALE,GRADUATE,33255,MARRIED,52,63,143,40
52,MALE,BACHELOR,40645,MARRIED,42,68,230,40
53,MALE,JUNIOR COLLEGE,40645,MARRIED,29,73,245,60
56,FEMALE,BACHELOR,1478,NEVER MARRIED,24,65,118,16
59,FEMALE,BACHELOR,73900,NEVER MARRIED,56,66,148,30
61,MALE,GRADUATE,15703.75,NEVER MARRIED,51,70,190,14
64,FEMALE,GRADUATE,60967.5,NEVER MARRIED,47,64,123,40
68,MALE,GRADUATE,158656.952,DIVORCED,57,71,180,70
70,MALE,HIGH SCHOOL,15703.75,NEVER MARRIED,32,67,165,40
75,FEMALE,GRADUATE,88680,MARRIED,39,69,210,60
77,MALE,BACHELOR,103460,MARRIED,54,70,200,60
81,MALE,LT HIGH SCHOOL,6651,MARRIED,51,72,197,45
89,MALE,HIGH SCHOOL,40645,NEVER MARRIED,25,74,215,65
90,FEMALE,JUNIOR COLLEGE,40645,NEVER MARRIED,48,70,154,35
91,MALE,JUNIOR COLLEGE,88680,NEVER MARRIED,45,70,150,45
94,FEMALE,LT HIGH SCHOOL,12008.75,NEVER MARRIED,24,65,190,15
101,FEMALE,HIGH SCHOOL,73900,NEVER MARRIED,43,68,185,56
102,MALE,GRADUATE,49882.5,NEVER MARRIED,32,75,180,55
106,MALE,BACHELOR,33255,MARRIED,41,65,170,50
109,MALE,GRADUATE,88680,MARRIED,42,69,175,40
113,FEMALE,HIGH SCHOOL,20322.5,MARRIED,29,69,180,50
114,MALE,HIGH SCHOOL,15703.75,NEVER MARRIED,28,72,220,50
116,FEMALE,GRADUATE,40645,NEVER MARRIED,35,67,150,50
118,MALE,BACHELOR,27712.5,NEVER MARRIED,30,68,170,40
120,FEMALE,BACHELOR,20322.5,NEVER MARRIED,58,62,110,40
123,FEMALE,BACHELOR,17551.25,NEVER MARRIED,56,66,165,30
125,MALE,HIGH SCHOOL,49882.5,NEVER MARRIED,32,69,160,40
128,MALE,GRADUATE,158656.952,MARRIED,38,68,160,60
131,MALE,HIGH SCHOOL,17551.25,SEPARATED,47,73,156,37
132,MALE,BACHELOR,88680,MARRIED,53,74,182,40
137,MALE,GRADUATE,158656.952,MARRIED,61,78,255,30
140,FEMALE,BACHELOR,60967.5,MARRIED,57,65,134,40
141,FEMALE,HIGH SCHOOL,10161.25,NEVER MARRIED,29,70,250,37
143,MALE,HIGH SCHOOL,15703.75,NEVER MARRIED,21,67,135,40
147,MALE,HIGH SCHOOL,6651,SEPARATED,37,72,200,89
149,FEMALE,BACHELOR,40645,NEVER MARRIED,37,66,319,36
151,FEMALE,BACHELOR,10161.25,DIVORCED,74,62,137,24
153,MALE,HIGH SCHOOL,20322.5,MARRIED,54,69,186,60
154,MALE,HIGH SCHOOL,4803.5,NEVER MARRIED,23,72,180,40
155,FEMALE,LT HIGH SCHOOL,3325.5,MARRIED,25,60,92,30
157,MALE,JUNIOR COLLEGE,73900,MARRIED,48,72,205,60
161,MALE,LT HIGH SCHOOL,24017.5,MARRIED,54,70,190,60
164,MALE,HIGH SCHOOL,24017.5,NEVER MARRIED,23,68,200,48
165,FEMALE,HIGH SCHOOL,49882.5,DIVORCED,63,64,120,40
171,FEMALE,BACHELOR,369.5,DIVORCED,59,70,160,1
172,FEMALE,GRADUATE,60967.5,NEVER MARRIED,45,64,190,40
173,MALE,JUNIOR COLLEGE,27712.5,MARRIED,55,70,193,50
178,FEMALE,HIGH SCHOOL,2586.5,NEVER MARRIED,20,64,147,31
179,MALE,GRADUATE,24017.5,SEPARATED,63,75,250,20
180,FEMALE,GRADUATE,8313.75,DIVORCED,71,62,102,40
181,MALE,HIGH SCHOOL,40645,NEVER MARRIED,37,70,235,60
184,MALE,HIGH SCHOOL,2586.5,NEVER MARRIED,46,70,210,48
186,FEMALE,HIGH SCHOOL,20322.5,DIVORCED,45,66,130,35
187,MALE,HIGH SCHOOL,33255,DIVORCED,62,62,162,40
190,MALE,HIGH SCHOOL,33255,NEVER MARRIED,31,74,239,40
191,MALE,BACHELOR,49882.5,NEVER MARRIED,37,73,218,40
194,FEMALE,LT HIGH SCHOOL,4803.5,MARRIED,54,60,126,20
195,FEMALE,HIGH SCHOOL,20322.5,NEVER MARRIED,36,66,208,40
199,FEMALE,HIGH SCHOOL,4803.5,NEVER MARRIED,20,62,160,25
200,MALE,HIGH SCHOOL,73900,MARRIED,41,66,150,40
205,MALE,BACHELOR,49882.5,MARRIED,46,67,170,45
206,MALE,LT HIGH SCHOOL,15703.75,MARRIED,50,67,201,40
207,FEMALE,HIGH SCHOOL,27712.5,SEPARATED,34,57,142,32
209,MALE,LT HIGH SCHOOL,24017.5,MARRIED,35,66,180,50
211,FEMALE,LT HIGH SCHOOL,6651,MARRIED,53,63,117,28
215,FEMALE,LT HIGH SCHOOL,15703.75,MARRIED,35,59,140,40
218,MALE,HIGH SCHOOL,158656.952,MARRIED,46,74,197,65
222,FEMALE,HIGH SCHOOL,10161.25,MARRIED,61,59,120,32
223,MALE,HIGH SCHOOL,12008.75,MARRIED,56,70,150,37
225,FEMALE,BACHELOR,33255,NEVER MARRIED,24,66,123,40
226,MALE,HIGH SCHOOL,15703.75,MARRIED,69,69,173,45
229,MALE,HIGH SCHOOL,8313.75,WIDOWED,43,74,230,14
232,MALE,GRADUATE,158656.952,DIVORCED,69,72,240,8
234,FEMALE,BACHELOR,49882.5,MARRIED,41,67,168,40
242,FEMALE,GRADUATE,158656.952,NEVER MARRIED,51,62,170,60
244,FEMALE,HIGH SCHOOL,20322.5,MARRIED,45,60,103,44
245,MALE,LT HIGH SCHOOL,40645,MARRIED,58,71,150,40
251,FEMALE,BACHELOR,33255,MARRIED,58,63,128,50
252,MALE,BACHELOR,40645,MARRIED,72,65,142,48
256,MALE,HIGH SCHOOL,40645,MARRIED,58,71,186,40
259,MALE,JUNIOR COLLEGE,88680,DIVORCED,43,73,190,60
263,FEMALE,LT HIGH SCHOOL,10161.25,MARRIED,25,62,177,40
270,FEMALE,GRADUATE,60967.5,MARRIED,46,68,160,40
271,MALE,JUNIOR COLLEGE,40645,MARRIED,43,68,166,40
274,MALE,HIGH SCHOOL,20322.5,DIVORCED,48,74,180,40
275,FEMALE,HIGH SCHOOL,49882.5,NEVER MARRIED,48,61,182,40
277,FEMALE,HIGH SCHOOL,13856.25,NEVER MARRIED,29,63,130,20
283,MALE,GRADUATE,40645,MARRIED,32,68,165,50
287,FEMALE,HIGH SCHOOL,20322.5,SEPARATED,26,65,135,30
289,FEMALE,LT HIGH SCHOOL,17551.25,MARRIED,39,62,170,40
290,MALE,HIGH SCHOOL,13856.25,NEVER MARRIED,20,68,230,40
292,FEMALE,HIGH SCHOOL,3325.5,MARRIED,57,61,130,20
295,MALE,HIGH SCHOOL,40645,NEVER MARRIED,31,70,165,65
302,MALE,HIGH SCHOOL,33255,NEVER MARRIED,26,68,135,35
304,MALE,BACHELOR,158656.952,MARRIED,60,74,220,60
312,FEMALE,GRADUATE,60967.5,MARRIED,30,66,150,47
315,FEMALE,HIGH SCHOOL,20322.5,WIDOWED,40,68,160,22
316,MALE,HIGH SCHOOL,5542.5,NEVER MARRIED,25,69,150,40
319,FEMALE,LT HIGH SCHOOL,6651,NEVER MARRIED,31,62,171,40
324,MALE,BACHELOR,49882.5,MARRIED,58,70,165,40
325,FEMALE,JUNIOR COLLEGE,4064.5,MARRIED,54,64,135,32
328,FEMALE,HIGH SCHOOL,17551.25,DIVORCED,34,60,140,15
331,MALE,HIGH SCHOOL,49882.5,MARRIED,66,62,175,51
333,FEMALE,HIGH SCHOOL,24017.5,NEVER MARRIED,53,66,250,40
341,FEMALE,HIGH SCHOOL,2586.5,NEVER MARRIED,39,62,170,40
343,MALE,BACHELOR,8313.75,MARRIED,50,68,190,60
345,FEMALE,BACHELOR,49882.5,MARRIED,45,64,165,40
346,MALE,LT HIGH SCHOOL,73900,DIVORCED,47,72,210,70
348,MALE,HIGH SCHOOL,49882.5,MARRIED,36,71,200,70
349,MALE,HIGH SCHOOL,73900,MARRIED,38,72,200,60
351,MALE,GRADUATE,8313.75,MARRIED,70,71,195,15
353,FEMALE,HIGH SCHOOL,17551.25,MARRIED,53,67,210,38
355,MALE,BACHELOR,49882.5,MARRIED,29,73,240,50
358,FEMALE,HIGH SCHOOL,17551.25,MARRIED,35,67,149,23
359,FEMALE,LT HIGH SCHOOL,4064.5,NEVER MARRIED,35,67,235,48
361,FEMALE,HIGH SCHOOL,20322.5,WIDOWED,57,69,185,28
362,MALE,HIGH SCHOOL,158656.952,DIVORCED,40,74,230,50
363,FEMALE,HIGH SCHOOL,27712.5,MARRIED,32,70,296,27
364,FEMALE,BACHELOR,49882.5,NEVER MARRIED,30,71,175,40
366,MALE,BACHELOR,158656.952,MARRIED,49,71,195,60
369,FEMALE,BACHELOR,103460,MARRIED,49,68,170,50
372,MALE,GRADUATE,158656.952,MARRIED,67,63,150,40
374,MALE,HIGH SCHOOL,60967.5,MARRIED,65,68,185,89
376,MALE,BACHELOR,158656.952,MARRIED,63,70,182,20
377,MALE,HIGH SCHOOL,158656.952,MARRIED,60,69,200,50
379,MALE,BACHELOR,103460,MARRIED,49,66,150,50
380,FEMALE,GRADUATE,49882.5,MARRIED,36,69,140,40
383,MALE,GRADUATE,49882.5,MARRIED,57,67,190,24
385,MALE,LT HIGH SCHOOL,33255,NEVER MARRIED,39,66,170,40
386,MALE,HIGH SCHOOL,40645,MARRIED,33,63,140,80
392,MALE,HIGH SCHOOL,60967.5,DIVORCED,55,74,226,50
393,FEMALE,JUNIOR COLLEGE,27712.5,NEVER MARRIED,22,61,125,40
396,FEMALE,BACHELOR,60967.5,DIVORCED,58,66,165,16
398,FEMALE,GRADUATE,33255,DIVORCED,36,66,150,60
402,MALE,HIGH SCHOOL,73900,DIVORCED,58,67,163,60
403,FEMALE,HIGH SCHOOL,60967.5,MARRIED,52,64,230,42
405,MALE,BACHELOR,88680,MARRIED,70,70,180,45
407,FEMALE,BACHELOR,49882.5,MARRIED,31,70,180,50
409,FEMALE,GRADUATE,73900,MARRIED,60,67,155,40
411,MALE,GRADUATE,158656.952,MARRIED,35,71,164,50
412,FEMALE,HIGH SCHOOL,17551.25,NEVER MARRIED,72,66,160,37
414,MALE,HIGH SCHOOL,33255,MARRIED,49,67,190,30
417,FEMALE,BACHELOR,15703.75,MARRIED,37,59,152,15
418,FEMALE,BACHELOR,40645,MARRIED,35,69,150,45
419,FEMALE,HIGH SCHOOL,33255,WIDOWED,62,66,247,40
420,MALE,HIGH SCHOOL,60967.5,NEVER MARRIED,32,69,246,40
430,MALE,BACHELOR,5542.5,NEVER MARRIED,25,70,155,45
435,MALE,HIGH SCHOOL,158656.952,MARRIED,41,69,180,66
436,MALE,GRADUATE,158656.952,MARRIED,56,67,168,60
438,FEMALE,BACHELOR,27712.5,NEVER MARRIED,25,66,136,60
439,MALE,BACHELOR,24017.5,NEVER MARRIED,24,72,165,15
440,FEMALE,GRADUATE,369.5,NEVER MARRIED,25,62,138,10
444,MALE,GRADUATE,24017.5,NEVER MARRIED,44,73,175,50
445,MALE,HIGH SCHOOL,6651,WIDOWED,78,69,210,23
446,MALE,GRADUATE,73900,MARRIED,59,73,260,30
447,MALE,BACHELOR,158656.952,MARRIED,65,68,180,60
449,FEMALE,GRADUATE,103460,MARRIED,60,65,144,40
450,MALE,BACHELOR,40645,MARRIED,50,68,165,40
455,MALE,BACHELOR,49882.5,MARRIED,28,71,160,50
470,FEMALE,JUNIOR COLLEGE,15703.75,DIVORCED,55,65,195,10
471,MALE,BACHELOR,20322.5,NEVER MARRIED,28,69,180,42
474,FEMALE,HIGH SCHOOL,24017.5,NEVER MARRIED,24,69,215,47
476,FEMALE,JUNIOR COLLEGE,40645,DIVORCED,40,61,140,48
477,FEMALE,BACHELOR,33255,MARRIED,55,63,225,40
479,FEMALE,BACHELOR,27712.5,DIVORCED,52,67,150,40
480,MALE,HIGH SCHOOL,27712.5,MARRIED,63,66,265,40
482,MALE,BACHELOR,158656.952,MARRIED,38,73,220,50
486,FEMALE,GRADUATE,60967.5,MARRIED,60,67,147,60
488,FEMALE,GRADUATE,60967.5,MARRIED,54,64,135,24
489,MALE,GRADUATE,158656.952,MARRIED,38,71,200,50
490,FEMALE,GRADUATE,73900,MARRIED,47,69,180,30
492,MALE,BACHELOR,49882.5,NEVER MARRIED,25,76,200,55
495,FEMALE,GRADUATE,40645,MARRIED,57,63,145,32
496,FEMALE,HIGH SCHOOL,10161.25,NEVER MARRIED,21,63,135,28
497,MALE,HIGH SCHOOL,60967.5,NEVER MARRIED,66,70,190,40
499,FEMALE,GRADUATE,60967.5,MARRIED,50,61,108,50
500,FEMALE,HIGH SCHOOL,27712.5,MARRIED,65,63,132,40
503,MALE,GRADUATE,33255,DIVORCED,65,75,220,40
504,MALE,BACHELOR,158656.952,MARRIED,54,72,230,50
505,MALE,GRADUATE,88680,WIDOWED,63,70,150,1
506,MALE,BACHELOR,88680,DIVORCED,66,74,220,50
509,MALE,LT HIGH SCHOOL,24017.5,MARRIED,36,65,140,40
510,FEMALE,HIGH SCHOOL,24017.5,DIVORCED,58,65,175,56
516,FEMALE,BACHELOR,33255,NEVER MARRIED,69,66,213,35
518,MALE,HIGH SCHOOL,73900,MARRIED,32,72,260,50
520,MALE,HIGH SCHOOL,17551.25,NEVER MARRIED,31,69,175,40
521,FEMALE,BACHELOR,3325.5,MARRIED,56,59,145,50
526,MALE,LT HIGH SCHOOL,40645,MARRIED,50,71,180,40
529,MALE,HIGH SCHOOL,40645,NEVER MARRIED,60,71,165,40
530,MALE,HIGH SCHOOL,40645,MARRIED,40,64,143,40
531,MALE,BACHELOR,88680,NEVER MARRIED,28,66,212,40
532,FEMALE,GRADUATE,20322.5,NEVER MARRIED,43,69,160,60
534,FEMALE,LT HIGH SCHOOL,12008.75,NEVER MARRIED,41,61,135,40
537,FEMALE,HIGH SCHOOL,369.5,MARRIED,33,60,137,16
538,FEMALE,BACHELOR,60967.5,NEVER MARRIED,42,68,158,50
539,MALE,BACHELOR,60967.5,NEVER MARRIED,29,69,155,40
541,MALE,GRADUATE,158656.952,MARRIED,44,70,180,40
544,FEMALE,BACHELOR,40645,MARRIED,30,67,135,40
545,MALE,HIGH SCHOOL,88680,MARRIED,33,71,210,32
547,FEMALE,BACHELOR,10161.25,MARRIED,37,63,165,30
556,FEMALE,HIGH SCHOOL,40645,DIVORCED,43,72,209,45
560,FEMALE,BACHELOR,33255,MARRIED,49,68,178,32
564,MALE,HIGH SCHOOL,40645,MARRIED,53,74,256,40
567,FEMALE,BACHELOR,40645,MARRIED,30,63,110,50
572,MALE,LT HIGH SCHOOL,20322.5,MARRIED,55,69,169,40
573,FEMALE,HIGH SCHOOL,33255,NEVER MARRIED,55,65,173,40
574,MALE,HIGH SCHOOL,13856.25,MARRIED,54,66,200,35
585,FEMALE,HIGH SCHOOL,13856.25,MARRIED,70,62,130,36
586,MALE,HIGH SCHOOL,103460,DIVORCED,47,72,225,89
587,MALE,BACHELOR,49882.5,MARRIED,47,71,200,50
591,FEMALE,HIGH SCHOOL,12008.75,DIVORCED,42,66,215,40
592,FEMALE,GRADUATE,73900,MARRIED,56,73,188,40
602,FEMALE,HIGH SCHOOL,24017.5,MARRIED,53,66,180,40
604,MALE,BACHELOR,17551.25,WIDOWED,66,71,155,20
605,MALE,HIGH SCHOOL,20322.5,NEVER MARRIED,30,67,160,40
611,MALE,BACHELOR,158656.952,MARRIED,57,72,205,40
612,MALE,HIGH SCHOOL,73900,MARRIED,58,70,205,60
613,MALE,HIGH SCHOOL,27712.5,DIVORCED,47,72,202,40
615,MALE,BACHELOR,40645,MARRIED,29,68,165,40
616,MALE,BACHELOR,49882.5,MARRIED,36,70,155,40
619,MALE,HIGH SCHOOL,33255,NEVER MARRIED,26,75,200,50
620,MALE,BACHELOR,88680,MARRIED,64,67,170,40
625,FEMALE,HIGH SCHOOL,17551.25,NEVER MARRIED,47,67,150,40
632,MALE,HIGH SCHOOL,33255,NEVER MARRIED,41,70,195,42
633,MALE,GRADUATE,40645,NEVER MARRIED,35,62,141,40
636,MALE,HIGH SCHOOL,4803.5,NEVER MARRIED,30,65,140,40
642,FEMALE,BACHELOR,369.5,MARRIED,42,62,135,26
646,MALE,HIGH SCHOOL,60967.5,MARRIED,53,70,180,65
648,FEMALE,BACHELOR,49882.5,NEVER MARRIED,37,61,170,50
649,FEMALE,HIGH SCHOOL,40645,MARRIED,46,66,175,65
654,MALE,HIGH SCHOOL,73900,DIVORCED,51,72,217,63
657,FEMALE,HIGH SCHOOL,4803.5,DIVORCED,31,70,258,30
659,FEMALE,HIGH SCHOOL,12008.75,MARRIED,61,65,186,40
660,FEMALE,HIGH SCHOOL,24017.5,WIDOWED,62,64,155,40
662,MALE,HIGH SCHOOL,33255,NEVER MARRIED,54,69,260,50
666,FEMALE,HIGH SCHOOL,4803.5,MARRIED,27,65,180,36
669,FEMALE,HIGH SCHOOL,49882.5,DIVORCED,59,66,177,60
674,MALE,HIGH SCHOOL,27712.5,MARRIED,40,70,186,42
675,MALE,LT HIGH SCHOOL,12008.75,MARRIED,33,64,208,40
681,FEMALE,HIGH SCHOOL,49882.5,MARRIED,32,62,138,50
682,MALE,HIGH SCHOOL,33255,NEVER MARRIED,32,72,198,50
685,MALE,HIGH SCHOOL,33255,MARRIED,60,70,230,50
686,FEMALE,LT HIGH SCHOOL,24017.5,NEVER MARRIED,59,62,165,42
687,FEMALE,GRADUATE,12008.75,MARRIED,47,67,127,24
688,FEMALE,JUNIOR COLLEGE,40645,NEVER MARRIED,57,63,161,55
690,MALE,GRADUATE,158656.952,DIVORCED,65,69,200,60
691,FEMALE,BACHELOR,369.5,MARRIED,61,67,170,8
695,FEMALE,HIGH SCHOOL,17551.25,NEVER MARRIED,26,63,98,40
697,MALE,BACHELOR,60967.5,MARRIED,27,72,150,50
701,MALE,GRADUATE,49882.5,NEVER MARRIED,39,69,180,40
704,FEMALE,HIGH SCHOOL,17551.25,NEVER MARRIED,40,67,150,40
705,MALE,JUNIOR COLLEGE,49882.5,DIVORCED,48,67,170,60
710,FEMALE,JUNIOR COLLEGE,1478,MARRIED,30,67,185,35
714,MALE,BACHELOR,60967.5,MARRIED,61,69,200,40
715,MALE,BACHELOR,6651,MARRIED,50,69,210,25
718,FEMALE,HIGH SCHOOL,6651,NEVER MARRIED,27,60,145,21
719,MALE,HIGH SCHOOL,8313.75,NEVER MARRIED,21,73,195,35
720,FEMALE,BACHELOR,40645,NEVER MARRIED,29,66,150,24
722,MALE,HIGH SCHOOL,2586.5,SEPARATED,32,67,149,60
724,MALE,JUNIOR COLLEGE,17551.25,NEVER MARRIED,37,75,200,36
729,FEMALE,BACHELOR,40645,DIVORCED,53,66,150,40
731,MALE,BACHELOR,103460,MARRIED,53,68,178,50
733,FEMALE,GRADUATE,88680,DIVORCED,58,63,156,40
734,MALE,BACHELOR,103460,MARRIED,50,71,215,40
738,FEMALE,HIGH SCHOOL,27712.5,NEVER MARRIED,26,65,180,40
741,FEMALE,BACHELOR,40645,MARRIED,38,64,208,35
746,FEMALE,JUNIOR COLLEGE,24017.5,SEPARATED,32,69,280,40
748,FEMALE,BACHELOR,49882.5,MARRIED,48,60,120,48
750,MALE,LT HIGH SCHOOL,12008.75,MARRIED,45,66,170,40
756,FEMALE,HIGH SCHOOL,27712.5,NEVER MARRIED,39,68,190,37
758,MALE,HIGH SCHOOL,33255,MARRIED,54,65,150,56
761,FEMALE,LT HIGH SCHOOL,17551.25,MARRIED,50,64,179,40
765,FEMALE,HIGH SCHOOL,10161.25,SEPARATED,53,63,153,40
767,MALE,HIGH SCHOOL,40645,MARRIED,75,71,205,40
769,FEMALE,BACHELOR,10161.25,WIDOWED,63,65,206,8
770,MALE,GRADUATE,49882.5,MARRIED,43,73,210,60
771,MALE,GRADUATE,3325.5,NEVER MARRIED,31,69,180,50
773,MALE,GRADUATE,27712.5,NEVER MARRIED,74,73,195,20
777,FEMALE,JUNIOR COLLEGE,3325.5,NEVER MARRIED,24,60,122,60
778,MALE,HIGH SCHOOL,13856.25,DIVORCED,40,64,160,40
781,MALE,HIGH SCHOOL,24017.5,NEVER MARRIED,33,64,160,60
782,MALE,HIGH SCHOOL,158656.952,DIVORCED,42,69,195,60
787,FEMALE,GRADUATE,33255,MARRIED,60,64,160,50
789,MALE,GRADUATE,103460,NEVER MARRIED,35,70,185,75
798,MALE,HIGH SCHOOL,4064.5,NEVER MARRIED,26,69,162,60
801,FEMALE,HIGH SCHOOL,24017.5,WIDOWED,51,61,125,30
803,FEMALE,HIGH SCHOOL,40645,MARRIED,58,64,140,48
805,FEMALE,HIGH SCHOOL,60967.5,DIVORCED,57,66,210,60
806,MALE,BACHELOR,158656.952,MARRIED,47,67,150,60
810,MALE,LT HIGH SCHOOL,27712.5,NEVER MARRIED,54,67,155,85
814,MALE,HIGH SCHOOL,1478,NEVER MARRIED,22,71,185,39
815,FEMALE,JUNIOR COLLEGE,12008.75,NEVER MARRIED,30,62,112,15
818,FEMALE,HIGH SCHOOL,10161.25,MARRIED,56,61,170,40
820,FEMALE,HIGH SCHOOL,27712.5,NEVER MARRIED,55,66,250,37
821,MALE,HIGH SCHOOL,4803.5,NEVER MARRIED,27,71,220,50
826,FEMALE,LT HIGH SCHOOL,8313.75,SEPARATED,52,67,175,25
827,FEMALE,JUNIOR COLLEGE,40645,NEVER MARRIED,36,67,185,60
829,FEMALE,HIGH SCHOOL,20322.5,MARRIED,31,64,170,40
831,MALE,BACHELOR,33255,MARRIED,58,73,410,40
833,FEMALE,HIGH SCHOOL,15703.75,NEVER MARRIED,23,66,275,36
836,FEMALE,JUNIOR COLLEGE,20322.5,NEVER MARRIED,19,64,162,40
838,FEMALE,BACHELOR,88680,MARRIED,40,66,135,40
840,FEMALE,HIGH SCHOOL,20322.5,MARRIED,44,64,158,40
841,MALE,JUNIOR COLLEGE,60967.5,MARRIED,54,71,160,55
843,MALE,GRADUATE,158656.952,DIVORCED,68,65,164,40
846,FEMALE,JUNIOR COLLEGE,15703.75,MARRIED,39,63,140,20
849,FEMALE,JUNIOR COLLEGE,40645,DIVORCED,56,67,127,40
851,FEMALE,JUNIOR COLLEGE,4064.5,MARRIED,28,68,200,30
855,MALE,HIGH SCHOOL,1478,MARRIED,29,75,183,40
859,FEMALE,JUNIOR COLLEGE,24017.5,NEVER MARRIED,34,69,180,15
860,FEMALE,BACHELOR,15703.75,MARRIED,29,68,142,40
862,FEMALE,GRADUATE,27712.5,NEVER MARRIED,60,66,145,24
863,FEMALE,GRADUATE,20322.5,NEVER MARRIED,29,66,150,21
866,MALE,HIGH SCHOOL,33255,MARRIED,58,71,158,80
868,MALE,BACHELOR,40645,MARRIED,35,66,190,42
871,MALE,HIGH SCHOOL,27712.5,MARRIED,53,70,170,40
872,MALE,GRADUATE,49882.5,MARRIED,52,70,184,60
873,FEMALE,HIGH SCHOOL,73900,NEVER MARRIED,41,68,150,36
874,MALE,BACHELOR,88680,DIVORCED,42,72,160,48
877,FEMALE,BACHELOR,27712.5,MARRIED,40,62,150,60
880,MALE,GRADUATE,33255,MARRIED,34,72,225,65
881,FEMALE,LT HIGH SCHOOL,12008.75,DIVORCED,58,62,175,20
882,FEMALE,HIGH SCHOOL,3325.5,NEVER MARRIED,23,62,145,40
884,FEMALE,HIGH SCHOOL,17551.25,NEVER MARRIED,53,59,155,45
887,FEMALE,JUNIOR COLLEGE,10161.25,NEVER MARRIED,22,66,215,24
890,FEMALE,HIGH SCHOOL,15703.75,MARRIED,60,70,175,40
891,FEMALE,HIGH SCHOOL,33255,NEVER MARRIED,28,66,125,37
893,MALE,HIGH SCHOOL,20322.5,NEVER MARRIED,37,73,175,40
895,MALE,BACHELOR,40645,MARRIED,25,76,205,60
897,FEMALE,BACHELOR,15703.75,MARRIED,38,64,215,28
899,FEMALE,BACHELOR,40645,NEVER MARRIED,43,67,250,40
900,MALE,HIGH SCHOOL,15703.75,NEVER MARRIED,34,69,160,45
901,MALE,HIGH SCHOOL,33255,MARRIED,39,74,315,40
904,FEMALE,HIGH SCHOOL,13856.25,DIVORCED,34,67,195,40
905,MALE,HIGH SCHOOL,27712.5,MARRIED,34,67,162,40
907,FEMALE,HIGH SCHOOL,27712.5,DIVORCED,59,62,115,40
909,FEMALE,HIGH SCHOOL,33255,NEVER MARRIED,32,62,170,40
911,FEMALE,HIGH SCHOOL,15703.75,DIVORCED,65,66,160,40
914,FEMALE,LT HIGH SCHOOL,2586.5,NEVER MARRIED,44,64,224,20
915,MALE,HIGH SCHOOL,4064.5,NEVER MARRIED,44,65,155,40
918,MALE,JUNIOR COLLEGE,12008.75,DIVORCED,38,66,155,45
919,FEMALE,HIGH SCHOOL,24017.5,DIVORCED,58,67,202,57
921,MALE,BACHELOR,73900,MARRIED,53,71,150,40
923,MALE,BACHELOR,49882.5,MARRIED,55,69,175,37
924,MALE,BACHELOR,60967.5,MARRIED,51,70,180,45
930,FEMALE,BACHELOR,24017.5,NEVER MARRIED,38,68,154,56
932,MALE,HIGH SCHOOL,60967.5,DIVORCED,56,68,170,60
935,MALE,BACHELOR,49882.5,MARRIED,32,69,165,45
941,MALE,HIGH SCHOOL,10161.25,MARRIED,24,70,125,40
944,MALE,HIGH SCHOOL,33255,DIVORCED,42,71,160,52
947,FEMALE,GRADUATE,88680,MARRIED,36,62,110,55
950,MALE,JUNIOR COLLEGE,73900,DIVORCED,41,73,230,89
953,MALE,GRADUATE,73900,MARRIED,40,71,187,50
955,MALE,HIGH SCHOOL,33255,MARRIED,43,67,207,60
956,FEMALE,JUNIOR COLLEGE,24017.5,DIVORCED,59,64,160,32
957,FEMALE,HIGH SCHOOL,24017.5,MARRIED,40,62,160,27
958,MALE,BACHELOR,49882.5,DIVORCED,53,77,365,65
961,FEMALE,HIGH SCHOOL,33255,MARRIED,29,64,140,40
962,MALE,JUNIOR COLLEGE,17551.25,NEVER MARRIED,30,72,165,40
963,MALE,HIGH SCHOOL,369.5,DIVORCED,59,72,235,70
965,MALE,BACHELOR,40645,NEVER MARRIED,29,70,180,40
969,FEMALE,GRADUATE,17551.25,MARRIED,48,66,105,10
970,MALE,BACHELOR,5542.5,MARRIED,64,73,190,1
971,FEMALE,BACHELOR,158656.952,MARRIED,49,68,140,50
973,FEMALE,HIGH SCHOOL,24017.5,MARRIED,62,63,130,2
974,MALE,BACHELOR,88680,NEVER MARRIED,42,72,185,48
978,MALE,HIGH SCHOOL,4803.5,DIVORCED,54,72,180,15
980,FEMALE,JUNIOR COLLEGE,20322.5,MARRIED,56,64,168,20
982,FEMALE,BACHELOR,2586.5,NEVER MARRIED,23,64,200,38
985,MALE,HIGH SCHOOL,73900,NEVER MARRIED,49,73,190,30
987,FEMALE,HIGH SCHOOL,27712.5,MARRIED,68,63,170,32
988,MALE,LT HIGH SCHOOL,40645,MARRIED,63,70,175,40
989,FEMALE,BACHELOR,4064.5,MARRIED,39,58,90,4
991,MALE,BACHELOR,60967.5,MARRIED,55,74,213,65
993,MALE,HIGH SCHOOL,40645,NEVER MARRIED,42,70,145,46
999,FEMALE,HIGH SCHOOL,20322.5,NEVER MARRIED,53,68,320,60
1000,FEMALE,JUNIOR COLLEGE,10161.25,NEVER MARRIED,56,69,190,34
1001,MALE,HIGH SCHOOL,40645,NEVER MARRIED,35,72,180,57
1002,FEMALE,HIGH SCHOOL,15703.75,NEVER MARRIED,23,61,180,80
1005,MALE,HIGH SCHOOL,20322.5,NEVER MARRIED,29,67,245,40
1007,MALE,HIGH SCHOOL,17551.25,MARRIED,56,72,202,50
1014,MALE,LT HIGH SCHOOL,20322.5,DIVORCED,53,66,145,44
1019,FEMALE,GRADUATE,158656.952,NEVER MARRIED,66,67,150,40
1020,FEMALE,HIGH SCHOOL,20322.5,NEVER MARRIED,40,62,130,40
1022,FEMALE,HIGH SCHOOL,33255,MARRIED,50,67,185,40
1023,FEMALE,HIGH SCHOOL,33255,MARRIED,50,61,147,50
1026,MALE,HIGH SCHOOL,27712.5,NEVER MARRIED,41,68,165,48
1027,FEMALE,HIGH SCHOOL,15703.75,NEVER MARRIED,39,59,135,40
1030,MALE,HIGH SCHOOL,33255,DIVORCED,55,70,180,42
1032,MALE,GRADUATE,49882.5,MARRIED,47,68,185,60
1033,MALE,GRADUATE,158656.952,MARRIED,60,69,186,70
1036,FEMALE,GRADUATE,49882.5,MARRIED,48,65,165,40
1037,FEMALE,GRADUATE,49882.5,MARRIED,30,61,129,50
1039,FEMALE,HIGH SCHOOL,27712.5,DIVORCED,58,63,147,40
1041,FEMALE,HIGH SCHOOL,8313.75,MARRIED,57,64,141,50
1042,FEMALE,HIGH SCHOOL,10161.25,MARRIED,66,59,113,35
1045,FEMALE,HIGH SCHOOL,15703.75,MARRIED,54,64,160,40
1053,FEMALE,JUNIOR COLLEGE,49882.5,DIVORCED,47,68,152,75
1057,MALE,GRADUATE,103460,NEVER MARRIED,44,68,160,42
1059,MALE,BACHELOR,20322.5,WIDOWED,57,72,230,40
1061,MALE,HIGH SCHOOL,24017.5,WIDOWED,60,73,250,50
1066,MALE,LT HIGH SCHOOL,8313.75,MARRIED,59,64,140,40
1068,FEMALE,HIGH SCHOOL,10161.25,DIVORCED,59,66,135,80
1070,FEMALE,HIGH SCHOOL,103460,MARRIED,51,67,190,80
1071,FEMALE,JUNIOR COLLEGE,40645,DIVORCED,42,63,132,32
1076,FEMALE,JUNIOR COLLEGE,20322.5,DIVORCED,25,60,212,40
1081,FEMALE,HIGH SCHOOL,33255,MARRIED,35,61,135,40
1087,FEMALE,JUNIOR COLLEGE,33255,NEVER MARRIED,59,64,160,40
1088,FEMALE,HIGH SCHOOL,4803.5,NEVER MARRIED,21,60,105,17
1089,FEMALE,HIGH SCHOOL,17551.25,MARRIED,45,57,270,40
1093,FEMALE,JUNIOR COLLEGE,24017.5,SEPARATED,42,60,174,40
1094,FEMALE,HIGH SCHOOL,27712.5,DIVORCED,58,59,150,50
1099,MALE,JUNIOR COLLEGE,49882.5,MARRIED,36,64,193,30
1100,MALE,HIGH SCHOOL,60967.5,MARRIED,37,68,218,89
1102,FEMALE,HIGH SCHOOL,15703.75,DIVORCED,33,67,143,44
1103,FEMALE,BACHELOR,33255,MARRIED,30,69,190,55
1104,FEMALE,HIGH SCHOOL,49882.5,MARRIED,50,66,156,45
1107,MALE,BACHELOR,88680,MARRIED,60,74,168,55
1108,MALE,HIGH SCHOOL,8313.75,MARRIED,52,74,250,20
1109,FEMALE,HIGH SCHOOL,27712.5,NEVER MARRIED,33,64,140,40
1110,MALE,HIGH SCHOOL,49882.5,DIVORCED,45,65,200,50
1111,FEMALE,HIGH SCHOOL,2586.5,NEVER MARRIED,21,61,128,24
1114,MALE,JUNIOR COLLEGE,49882.5,NEVER MARRIED,41,72,220,35
1115,FEMALE,BACHELOR,49882.5,WIDOWED,59,68,330,40
1116,MALE,HIGH SCHOOL,15703.75,MARRIED,32,69,200,40
1117,MALE,BACHELOR,73900,DIVORCED,44,71,190,40
1120,FEMALE,BACHELOR,4064.5,NEVER MARRIED,32,67,135,44
1121,MALE,GRADUATE,40645,NEVER MARRIED,34,69,210,40
1126,MALE,HIGH SCHOOL,73900,MARRIED,47,72,200,55
1129,FEMALE,GRADUATE,60967.5,DIVORCED,39,60,215,47
1130,FEMALE,BACHELOR,49882.5,DIVORCED,55,62,278,60
1135,FEMALE,HIGH SCHOOL,49882.5,MARRIED,43,65,159,40
1143,MALE,BACHELOR,10161.25,NEVER MARRIED,51,72,190,30
1144,MALE,JUNIOR COLLEGE,27712.5,MARRIED,38,71,195,40
1145,FEMALE,HIGH SCHOOL,20322.5,NEVER MARRIED,49,67,120,46
1149,MALE,HIGH SCHOOL,49882.5,MARRIED,50,74,280,50
1150,FEMALE,BACHELOR,33255,DIVORCED,47,63,125,57
1152,FEMALE,HIGH SCHOOL,6651,NEVER MARRIED,28,68,160,70
1154,FEMALE,HIGH SCHOOL,24017.5,SEPARATED,34,63,130,40
1157,FEMALE,BACHELOR,24017.5,MARRIED,39,61,185,36
1160,MALE,HIGH SCHOOL,158656.952,MARRIED,55,72,185,50
1162,MALE,HIGH SCHOOL,49882.5,SEPARATED,52,71,205,55
1163,FEMALE,HIGH SCHOOL,10161.25,NEVER MARRIED,22,68,155,39
1168,FEMALE,LT HIGH SCHOOL,4803.5,MARRIED,42,62,220,40
1169,MALE,LT HIGH SCHOOL,17551.25,SEPARATED,48,72,180,49
1170,FEMALE,HIGH SCHOOL,17551.25,DIVORCED,53,71,220,40
1171,FEMALE,BACHELOR,27712.5,NEVER MARRIED,37,64,260,60
1177,FEMALE,JUNIOR COLLEGE,10161.25,DIVORCED,45,68,200,40
1180,FEMALE,HIGH SCHOOL,12008.75,MARRIED,36,62,204,25
1185,FEMALE,JUNIOR COLLEGE,15703.75,MARRIED,42,67,220,40
1186,MALE,HIGH SCHOOL,49882.5,DIVORCED,35,75,167,75
1192,MALE,BACHELOR,20322.5,NEVER MARRIED,29,72,150,40
1193,MALE,BACHELOR,33255,MARRIED,30,74,180,40
1199,FEMALE,BACHELOR,27712.5,MARRIED,31,68,280,40
1206,MALE,HIGH SCHOOL,49882.5,MARRIED,52,70,185,56
1208,FEMALE,HIGH SCHOOL,10161.25,MARRIED,43,69,157,30
1211,FEMALE,HIGH SCHOOL,20322.5,NEVER MARRIED,25,63,125,45
1212,MALE,BACHELOR,60967.5,NEVER MARRIED,29,73,189,40
1217,MALE,HIGH SCHOOL,1478,NEVER MARRIED,26,69,150,8
1218,FEMALE,HIGH SCHOOL,12008.75,DIVORCED,56,61,182,37
1220,FEMALE,HIGH SCHOOL,73900,DIVORCED,56,63,115,40
1223,FEMALE,LT HIGH SCHOOL,10161.25,DIVORCED,33,64,131,40
1225,MALE,HIGH SCHOOL,40645,DIVORCED,43,71,190,40
1226,MALE,HIGH SCHOOL,12008.75,NEVER MARRIED,32,70,185,40
1231,FEMALE,HIGH SCHOOL,33255,MARRIED,64,64,226,40
1234,FEMALE,BACHELOR,49882.5,MARRIED,43,66,145,40
1236,MALE,GRADUATE,49882.5,DIVORCED,50,72,220,60
1237,MALE,HIGH SCHOOL,40645,MARRIED,44,68,195,54
1241,FEMALE,GRADUATE,27712.5,MARRIED,62,70,190,35
1242,MALE,HIGH SCHOOL,24017.5,DIVORCED,60,75,147,40
1243,MALE,GRADUATE,158656.952,MARRIED,29,79,275,35
1244,MALE,LT HIGH SCHOOL,20322.5,SEPARATED,62,67,170,40
1245,FEMALE,HIGH SCHOOL,15703.75,DIVORCED,43,68,330,38
1247,FEMALE,HIGH SCHOOL,4803.5,MARRIED,50,65,152,24
1251,MALE,HIGH SCHOOL,10161.25,NEVER MARRIED,26,67,180,30
1253,FEMALE,BACHELOR,10161.25,MARRIED,62,65,120,8
1254,MALE,LT HIGH SCHOOL,20322.5,MARRIED,55,70,212,40
1255,MALE,LT HIGH SCHOOL,24017.5,DIVORCED,50,69,240,40
1256,FEMALE,JUNIOR COLLEGE,8313.75,DIVORCED,50,62,130,32
1259,FEMALE,HIGH SCHOOL,2586.5,NEVER MARRIED,21,63,120,30
1263,FEMALE,GRADUATE,20322.5,MARRIED,53,62,175,46
1264,FEMALE,HIGH SCHOOL,13856.25,DIVORCED,53,71,210,40
1266,FEMALE,LT HIGH SCHOOL,20322.5,WIDOWED,62,61,135,30
1268,MALE,HIGH SCHOOL,40645,NEVER MARRIED,51,74,220,52
1270,FEMALE,HIGH SCHOOL,8313.75,NEVER MARRIED,22,62,155,25
1271,MALE,HIGH SCHOOL,60967.5,MARRIED,47,73,215,89
1272,MALE,HIGH SCHOOL,33255,MARRIED,67,73,212,28
1273,FEMALE,HIGH SCHOOL,3325.5,NEVER MARRIED,20,65,106,36
1276,MALE,HIGH SCHOOL,40645,NEVER MARRIED,57,72,220,55
1281,MALE,HIGH SCHOOL,15703.75,MARRIED,49,64,164,40
1282,FEMALE,HIGH SCHOOL,27712.5,SEPARATED,51,66,139,40
1284,FEMALE,HIGH SCHOOL,10161.25,SEPARATED,37,62,113,40
1288,FEMALE,HIGH SCHOOL,15703.75,SEPARATED,26,66,165,40
1293,MALE,BACHELOR,3325.5,DIVORCED,63,64,160,30
1297,MALE,GRADUATE,73900,MARRIED,52,70,180,50
1302,MALE,BACHELOR,60967.5,MARRIED,43,71,180,70
1303,MALE,BACHELOR,88680,NEVER MARRIED,53,70,255,60
1309,FEMALE,GRADUATE,49882.5,MARRIED,36,60,190,40
1311,MALE,BACHELOR,33255,NEVER MARRIED,29,71,245,40
1313,MALE,BACHELOR,40645,NEVER MARRIED,26,73,170,45
1314,MALE,JUNIOR COLLEGE,49882.5,MARRIED,50,71,240,45
1317,FEMALE,JUNIOR COLLEGE,27712.5,NEVER MARRIED,35,65,130,40
1318,FEMALE,BACHELOR,40645,MARRIED,58,67,153,32
1325,MALE,HIGH SCHOOL,1478,MARRIED,76,70,150,4
1326,MALE,GRADUATE,60967.5,DIVORCED,63,72,225,40
1329,MALE,GRADUATE,60967.5,MARRIED,32,70,185,55
1332,MALE,HIGH SCHOOL,40645,MARRIED,36,65,150,60
1336,MALE,HIGH SCHOOL,24017.5,DIVORCED,41,71,160,48
1337,MALE,HIGH SCHOOL,10161.25,NEVER MARRIED,29,77,170,45
1339,FEMALE,GRADUATE,8313.75,NEVER MARRIED,37,62,190,50
1341,MALE,HIGH SCHOOL,1478,MARRIED,29,63,135,45
1344,FEMALE,HIGH SCHOOL,88680,MARRIED,41,61,170,60
1345,FEMALE,BACHELOR,40645,MARRIED,53,66,133,60
1347,FEMALE,HIGH SCHOOL,27712.5,MARRIED,35,66,147,60
1348,MALE,HIGH SCHOOL,40645,MARRIED,36,69,155,45
1350,FEMALE,BACHELOR,60967.5,MARRIED,60,66,150,40
1353,FEMALE,HIGH SCHOOL,27712.5,MARRIED,41,62,135,30
1354,MALE,HIGH SCHOOL,33255,MARRIED,49,73,231,70
1357,FEMALE,HIGH SCHOOL,24017.5,MARRIED,33,67,195,55
1359,FEMALE,BACHELOR,15703.75,MARRIED,34,64,195,40
1362,MALE,LT HIGH SCHOOL,33255,DIVORCED,44,72,220,70
1365,MALE,HIGH SCHOOL,27712.5,DIVORCED,49,70,270,70
1366,MALE,LT HIGH SCHOOL,10161.25,SEPARATED,38,62,150,35
1373,FEMALE,BACHELOR,15703.75,MARRIED,34,68,140,40
1374,MALE,BACHELOR,6651,NEVER MARRIED,44,67,220,50
1375,FEMALE,BACHELOR,40645,NEVER MARRIED,35,69,160,40
1376,FEMALE,HIGH SCHOOL,8313.75,WIDOWED,75,62,120,28
1377,MALE,HIGH SCHOOL,4803.5,MARRIED,47,65,195,10
1378,FEMALE,HIGH SCHOOL,12008.75,MARRIED,40,64,130,30
1379,MALE,LT HIGH SCHOOL,24017.5,MARRIED,58,72,180,40
1383,FEMALE,BACHELOR,33255,MARRIED,33,63,150,40
1385,MALE,JUNIOR COLLEGE,12008.75,NEVER MARRIED,26,69,183,20
1387,MALE,LT HIGH SCHOOL,24017.5,DIVORCED,52,73,175,45
1392,MALE,GRADUATE,13856.25,MARRIED,45,70,155,25
1394,FEMALE,LT HIGH SCHOOL,24017.5,WIDOWED,71,65,142,35
1396,MALE,GRADUATE,49882.5,MARRIED,37,68,165,40
1397,MALE,HIGH SCHOOL,27712.5,MARRIED,27,70,210,38
1410,MALE,BACHELOR,27712.5,NEVER MARRIED,33,71,190,40
1412,FEMALE,JUNIOR COLLEGE,33255,DIVORCED,60,63,165,39
1415,MALE,HIGH SCHOOL,3325.5,DIVORCED,46,69,240,40
1416,MALE,LT HIGH SCHOOL,10161.25,NEVER MARRIED,25,70,170,30
1418,MALE,BACHELOR,27712.5,MARRIED,36,74,185,40
1419,MALE,GRADUATE,33255,MARRIED,39,67,140,40
1422,FEMALE,BACHELOR,12008.75,NEVER MARRIED,25,66,165,32
1426,FEMALE,BACHELOR,24017.5,NEVER MARRIED,33,69,175,39
1429,FEMALE,BACHELOR,33255,DIVORCED,58,63,150,50
1430,FEMALE,BACHELOR,17551.25,MARRIED,34,65,110,20
1431,MALE,GRADUATE,73900,MARRIED,59,71,172,50
1440,MALE,HIGH SCHOOL,24017.5,MARRIED,27,68,195,40
1442,MALE,HIGH SCHOOL,1478,NEVER MARRIED,20,67,150,30
1443,FEMALE,HIGH SCHOOL,17551.25,NEVER MARRIED,34,64,200,65
1447,FEMALE,LT HIGH SCHOOL,15703.75,NEVER MARRIED,22,62,128,35
1448,FEMALE,HIGH SCHOOL,5542.5,NEVER MARRIED,23,66,215,20
1452,MALE,GRADUATE,20322.5,NEVER MARRIED,32,69,135,40
1453,FEMALE,GRADUATE,40645,SEPARATED,56,63,155,50
1457,MALE,HIGH SCHOOL,33255,MARRIED,39,70,180,40
1459,MALE,JUNIOR COLLEGE,24017.5,NEVER MARRIED,28,74,350,16
1461,MALE,HIGH SCHOOL,8313.75,NEVER MARRIED,30,71,170,40
1463,FEMALE,JUNIOR COLLEGE,27712.5,MARRIED,43,65,187,48
1464,MALE,HIGH SCHOOL,13856.25,DIVORCED,46,64,285,40
1465,FEMALE,HIGH SCHOOL,15703.75,WIDOWED,51,63,130,70
1476,FEMALE,HIGH SCHOOL,13856.25,MARRIED,50,65,148,50
1478,MALE,HIGH SCHOOL,40645,DIVORCED,43,74,215,45
1480,FEMALE,HIGH SCHOOL,3325.5,NEVER MARRIED,19,63,140,30
1484,MALE,BACHELOR,49882.5,MARRIED,49,72,185,40
1493,FEMALE,BACHELOR,6651,DIVORCED,37,69,170,26
1494,MALE,LT HIGH SCHOOL,17551.25,MARRIED,59,71,180,38
1495,MALE,HIGH SCHOOL,40645,DIVORCED,55,68,216,24
1497,FEMALE,GRADUATE,33255,NEVER MARRIED,50,62,240,30
1498,FEMALE,JUNIOR COLLEGE,24017.5,MARRIED,60,63,275,37
1499,MALE,LT HIGH SCHOOL,3325.5,NEVER MARRIED,41,75,283,20
1500,MALE,LT HIGH SCHOOL,10161.25,MARRIED,73,68,251,29
1501,FEMALE,GRADUATE,40645,MARRIED,45,65,140,37
1502,MALE,HIGH SCHOOL,24017.5,MARRIED,53,73,240,38
1506,FEMALE,HIGH SCHOOL,33255,NEVER MARRIED,46,65,235,30
1507,FEMALE,HIGH SCHOOL,4064.5,MARRIED,52,62,135,25
1509,FEMALE,HIGH SCHOOL,12008.75,NEVER MARRIED,27,64,120,30
1512,MALE,HIGH SCHOOL,49882.5,MARRIED,65,70,160,60
1515,FEMALE,HIGH SCHOOL,2586.5,MARRIED,63,64,145,30
1517,MALE,HIGH SCHOOL,4064.5,NEVER MARRIED,21,73,147,39
1519,FEMALE,BACHELOR,24017.5,MARRIED,47,66,200,40
1520,FEMALE,LT HIGH SCHOOL,12008.75,NEVER MARRIED,36,62,182,30
1523,MALE,HIGH SCHOOL,369.5,NEVER MARRIED,26,68,190,30
1528,MALE,HIGH SCHOOL,13856.25,NEVER MARRIED,28,73,135,38
1531,MALE,BACHELOR,24017.5,MARRIED,37,75,185,45
1536,FEMALE,HIGH SCHOOL,2586.5,WIDOWED,46,62,162,20
1538,FEMALE,HIGH SCHOOL,20322.5,MARRIED,57,66,168,48
1543,MALE,HIGH SCHOOL,17551.25,NEVER MARRIED,31,73,180,40
1544,MALE,GRADUATE,73900,SEPARATED,40,70,205,55
1545,FEMALE,GRADUATE,24017.5,MARRIED,36,67,180,50
1548,MALE,HIGH SCHOOL,33255,MARRIED,57,71,215,52
1549,FEMALE,BACHELOR,27712.5,MARRIED,35,65,260,65
1550,FEMALE,HIGH SCHOOL,15703.75,NEVER MARRIED,37,60,146,42
1551,MALE,HIGH SCHOOL,8313.75,MARRIED,62,66,158,40
1555,MALE,HIGH SCHOOL,27712.5,DIVORCED,52,68,180,70
1557,MALE,HIGH SCHOOL,4064.5,SEPARATED,49,66,180,40
1558,FEMALE,JUNIOR COLLEGE,27712.5,MARRIED,57,63,165,37
1559,MALE,JUNIOR COLLEGE,73900,MARRIED,54,72,225,50
1560,MALE,GRADUATE,103460,MARRIED,37,73,285,89
1561,MALE,HIGH SCHOOL,8313.75,MARRIED,39,76,190,50
1565,FEMALE,HIGH SCHOOL,12008.75,MARRIED,49,63,180,30
1566,FEMALE,HIGH SCHOOL,40645,WIDOWED,67,64,130,30
1570,MALE,HIGH SCHOOL,15703.75,NEVER MARRIED,44,69,220,34
1581,FEMALE,HIGH SCHOOL,4803.5,MARRIED,45,59,250,15
1584,FEMALE,HIGH SCHOOL,369.5,NEVER MARRIED,52,72,265,32
1585,MALE,LT HIGH SCHOOL,24017.5,MARRIED,45,74,265,40
1588,MALE,LT HIGH SCHOOL,17551.25,MARRIED,41,69,180,32
1591,FEMALE,JUNIOR COLLEGE,40645,MARRIED,36,63,138,50
1592,MALE,GRADUATE,49882.5,MARRIED,50,68,140,40
1593,FEMALE,BACHELOR,49882.5,DIVORCED,59,63,180,34
1597,MALE,HIGH SCHOOL,33255,MARRIED,52,74,210,40
1602,FEMALE,HIGH SCHOOL,60967.5,MARRIED,59,62,165,40
1605,MALE,GRADUATE,158656.952,SEPARATED,43,75,280,80
1607,FEMALE,GRADUATE,40645,DIVORCED,37,67,170,40
1610,MALE,HIGH SCHOOL,6651,NEVER MARRIED,30,75,168,35
1614,FEMALE,HIGH SCHOOL,20322.5,NEVER MARRIED,52,63,153,25
1617,MALE,HIGH SCHOOL,4064.5,DIVORCED,50,72,185,25
1619,MALE,HIGH SCHOOL,24017.5,MARRIED,25,65,140,20
1621,FEMALE,HIGH SCHOOL,5542.5,NEVER MARRIED,22,63,125,50
1623,FEMALE,HIGH SCHOOL,15703.75,NEVER MARRIED,46,65,170,40
1629,FEMALE,HIGH SCHOOL,13856.25,MARRIED,33,65,160,40
1632,FEMALE,HIGH SCHOOL,17551.25,MARRIED,56,68,136,12
1635,MALE,HIGH SCHOOL,40645,MARRIED,54,70,190,40
1641,FEMALE,HIGH SCHOOL,8313.75,MARRIED,46,60,138,40
1644,MALE,HIGH SCHOOL,49882.5,MARRIED,58,70,210,47
1646,FEMALE,HIGH SCHOOL,24017.5,NEVER MARRIED,41,65,219,40
1647,FEMALE,HIGH SCHOOL,24017.5,MARRIED,29,65,160,40
1651,FEMALE,GRADUATE,103460,MARRIED,52,65,155,80
1658,FEMALE,HIGH SCHOOL,15703.75,NEVER MARRIED,26,65,140,40
1659,FEMALE,HIGH SCHOOL,5542.5,NEVER MARRIED,20,61,196,50
1664,MALE,HIGH SCHOOL,27712.5,MARRIED,47,66,155,40
1666,FEMALE,HIGH SCHOOL,24017.5,MARRIED,53,64,165,40
1671,FEMALE,BACHELOR,33255,NEVER MARRIED,27,62,124,40
1674,FEMALE,HIGH SCHOOL,15703.75,MARRIED,29,65,122,32
1682,MALE,HIGH SCHOOL,60967.5,NEVER MARRIED,72,72,220,44
1684,FEMALE,HIGH SCHOOL,4803.5,NEVER MARRIED,47,63,215,40
1689,MALE,LT HIGH SCHOOL,20322.5,MARRIED,62,72,195,40
1692,MALE,HIGH SCHOOL,49882.5,DIVORCED,56,72,290,60
1694,FEMALE,HIGH SCHOOL,33255,WIDOWED,69,62,162,40
1695,MALE,HIGH SCHOOL,33255,DIVORCED,53,71,205,70
1698,FEMALE,HIGH SCHOOL,33255,MARRIED,47,62,225,45
1699,FEMALE,HIGH SCHOOL,33255,WIDOWED,56,65,230,35
1700,MALE,HIGH SCHOOL,49882.5,MARRIED,51,70,228,62
1701,MALE,HIGH SCHOOL,33255,MARRIED,47,72,210,58
1702,FEMALE,HIGH SCHOOL,20322.5,NEVER MARRIED,32,64,205,60
1703,MALE,BACHELOR,158656.952,MARRIED,64,72,210,40
1706,MALE,HIGH SCHOOL,24017.5,NEVER MARRIED,59,68,190,40
1707,FEMALE,BACHELOR,33255,DIVORCED,43,64,205,40
1709,MALE,GRADUATE,49882.5,DIVORCED,39,78,240,40
1710,FEMALE,HIGH SCHOOL,40645,NEVER MARRIED,30,66,142,31
1711,FEMALE,HIGH SCHOOL,20322.5,DIVORCED,57,61,167,80
1716,FEMALE,HIGH SCHOOL,2586.5,MARRIED,34,61,126,18
1721,MALE,GRADUATE,49882.5,MARRIED,52,70,253,40
1722,FEMALE,HIGH SCHOOL,33255,NEVER MARRIED,30,61,215,50
1729,MALE,BACHELOR,158656.952,MARRIED,60,72,200,45
1730,MALE,GRADUATE,60967.5,MARRIED,34,74,265,40
1732,MALE,BACHELOR,88680,DIVORCED,40,69,190,55
1733,MALE,GRADUATE,158656.952,MARRIED,62,71,220,40
1735,MALE,HIGH SCHOOL,10161.25,MARRIED,30,69,225,20
1736,MALE,HIGH SCHOOL,33255,NEVER MARRIED,32,68,250,38
1738,FEMALE,JUNIOR COLLEGE,17551.25,MARRIED,28,66,140,30
1739,FEMALE,JUNIOR COLLEGE,24017.5,SEPARATED,43,64,220,65
1740,MALE,GRADUATE,60967.5,DIVORCED,46,70,203,50
1747,MALE,HIGH SCHOOL,6651,SEPARATED,41,71,170,40
1761,MALE,HIGH SCHOOL,33255,NEVER MARRIED,52,70,200,40
1762,MALE,HIGH SCHOOL,1478,DIVORCED,52,70,160,40
1765,MALE,GRADUATE,158656.952,MARRIED,53,69,164,60
1766,MALE,BACHELOR,73900,NEVER MARRIED,29,67,160,55
1767,MALE,HIGH SCHOOL,13856.25,NEVER MARRIED,26,70,180,43
1774,MALE,BACHELOR,40645,MARRIED,32,75,285,40
1775,FEMALE,JUNIOR COLLEGE,4064.5,MARRIED,31,62,165,27
1777,FEMALE,BACHELOR,40645,MARRIED,26,66,300,48
1778,FEMALE,HIGH SCHOOL,40645,MARRIED,56,63,120,45
1783,MALE,JUNIOR COLLEGE,24017.5,MARRIED,51,68,242,51
1786,MALE,JUNIOR COLLEGE,60967.5,DIVORCED,51,72,275,44
1792,FEMALE,HIGH SCHOOL,24017.5,DIVORCED,54,65,150,51
1794,MALE,HIGH SCHOOL,60967.5,MARRIED,41,72,260,48
1795,FEMALE,HIGH SCHOOL,10161.25,MARRIED,33,62,130,24
1797,FEMALE,BACHELOR,10161.25,MARRIED,44,65,130,35
1802,MALE,JUNIOR COLLEGE,33255,MARRIED,54,72,225,80
1804,MALE,LT HIGH SCHOOL,24017.5,SEPARATED,42,72,160,47
1807,MALE,HIGH SCHOOL,40645,MARRIED,40,73,175,40
1810,FEMALE,HIGH SCHOOL,40645,MARRIED,77,58,158,20
1813,FEMALE,BACHELOR,15703.75,NEVER MARRIED,74,65,145,4
1816,FEMALE,HIGH SCHOOL,13856.25,SEPARATED,36,67,250,45
1817,FEMALE,BACHELOR,33255,MARRIED,57,71,175,40
1819,FEMALE,HIGH SCHOOL,20322.5,MARRIED,33,65,145,40
1822,MALE,LT HIGH SCHOOL,12008.75,DIVORCED,42,65,206,60
1826,MALE,HIGH SCHOOL,15703.75,NEVER MARRIED,23,74,175,40
1827,MALE,BACHELOR,10161.25,MARRIED,30,72,170,70
1829,FEMALE,GRADUATE,33255,NEVER MARRIED,32,72,170,50
1833,MALE,GRADUATE,60967.5,MARRIED,56,67,175,50
1838,MALE,JUNIOR COLLEGE,103460,DIVORCED,47,72,266,75
1841,FEMALE,HIGH SCHOOL,24017.5,MARRIED,44,64,260,40
1843,FEMALE,JUNIOR COLLEGE,2586.5,DIVORCED,43,64,135,40
1844,MALE,HIGH SCHOOL,27712.5,DIVORCED,39,66,175,50
1846,FEMALE,JUNIOR COLLEGE,8313.75,MARRIED,54,65,218,62
1850,FEMALE,HIGH SCHOOL,4064.5,MARRIED,72,63,200,15
1854,FEMALE,GRADUATE,33255,MARRIED,56,67,165,40
1855,FEMALE,HIGH SCHOOL,12008.75,MARRIED,44,70,180,40
1862,MALE,HIGH SCHOOL,24017.5,MARRIED,53,70,200,44
1865,FEMALE,BACHELOR,33255,MARRIED,54,62,177,40
1866,FEMALE,HIGH SCHOOL,12008.75,NEVER MARRIED,31,63,160,50
1877,MALE,HIGH SCHOOL,49882.5,WIDOWED,64,73,200,53
1878,MALE,HIGH SCHOOL,158656.952,MARRIED,61,69,250,60
1882,FEMALE,HIGH SCHOOL,49882.5,DIVORCED,41,70,169,70
1883,MALE,BACHELOR,33255,MARRIED,44,71,190,44
1884,MALE,BACHELOR,73900,MARRIED,57,70,205,40
1885,MALE,HIGH SCHOOL,103460,MARRIED,55,73,188,60
1886,FEMALE,JUNIOR COLLEGE,33255,MARRIED,46,69,135,47
1888,MALE,HIGH SCHOOL,27712.5,DIVORCED,37,72,180,40
1890,MALE,HIGH SCHOOL,40645,DIVORCED,42,75,245,40
1891,FEMALE,HIGH SCHOOL,20322.5,DIVORCED,30,62,165,40
1895,FEMALE,BACHELOR,40645,DIVORCED,50,63,112,47
1897,MALE,JUNIOR COLLEGE,40645,MARRIED,43,67,195,40
1899,FEMALE,HIGH SCHOOL,369.5,DIVORCED,51,67,139,30
1901,MALE,HIGH SCHOOL,49882.5,MARRIED,39,71,175,40
1903,MALE,HIGH SCHOOL,40645,MARRIED,43,68,175,58
1905,FEMALE,HIGH SCHOOL,27712.5,MARRIED,58,64,231,32
1907,MALE,BACHELOR,73900,MARRIED,37,70,205,80
1908,MALE,HIGH SCHOOL,17551.25,DIVORCED,30,59,115,8
1912,FEMALE,LT HIGH SCHOOL,4064.5,WIDOWED,66,66,119,33
1913,FEMALE,BACHELOR,8313.75,MARRIED,30,67,155,45
1914,FEMALE,HIGH SCHOOL,40645,MARRIED,57,63,200,55
1915,MALE,GRADUATE,60967.5,MARRIED,55,75,235,55
1916,MALE,BACHELOR,49882.5,MARRIED,64,71,254,50
1917,FEMALE,HIGH SCHOOL,60967.5,MARRIED,58,64,200,70
1920,FEMALE,GRADUATE,88680,MARRIED,31,67,180,40
1921,MALE,HIGH SCHOOL,88680,MARRIED,64,74,205,45
1923,MALE,JUNIOR COLLEGE,40645,DIVORCED,59,71,225,38
1925,MALE,HIGH SCHOOL,17551.25,MARRIED,29,77,216,39
1927,FEMALE,HIGH SCHOOL,33255,NEVER MARRIED,45,66,150,54
1928,FEMALE,HIGH SCHOOL,8313.75,DIVORCED,44,69,135,25
1931,MALE,BACHELOR,20322.5,NEVER MARRIED,34,64,183,40
1933,MALE,GRADUATE,158656.952,MARRIED,66,74,230,60
1934,FEMALE,JUNIOR COLLEGE,33255,NEVER MARRIED,26,64,165,50
1938,MALE,LT HIGH SCHOOL,27712.5,NEVER MARRIED,56,69,192,55
1944,MALE,HIGH SCHOOL,6651,MARRIED,29,72,280,45
1945,MALE,BACHELOR,40645,DIVORCED,52,68,210,40
1949,MALE,BACHELOR,15703.75,NEVER MARRIED,28,66,190,40
1951,MALE,HIGH SCHOOL,40645,MARRIED,33,68,225,60
1953,MALE,HIGH SCHOOL,24017.5,MARRIED,44,69,200,40
1955,FEMALE,BACHELOR,27712.5,MARRIED,55,64,218,40
1960,MALE,LT HIGH SCHOOL,33255,NEVER MARRIED,56,63,145,60
1961,FEMALE,HIGH SCHOOL,17551.25,NEVER MARRIED,27,66,186,45
1962,FEMALE,LT HIGH SCHOOL,8313.75,MARRIED,34,65,176,36
1967,MALE,HIGH SCHOOL,40645,WIDOWED,58,73,218,60
1968,FEMALE,HIGH SCHOOL,4064.5,DIVORCED,38,61,140,20
1971,MALE,LT HIGH SCHOOL,13856.25,DIVORCED,44,73,240,45
1972,FEMALE,BACHELOR,15703.75,NEVER MARRIED,35,66,150,40
1974,FEMALE,LT HIGH SCHOOL,13856.25,WIDOWED,53,63,215,34
1975,FEMALE,HIGH SCHOOL,12008.75,SEPARATED,28,62,142,60
1977,MALE,HIGH SCHOOL,8313.75,DIVORCED,50,68,150,30
1978,FEMALE,LT HIGH SCHOOL,2586.5,MARRIED,65,70,140,40
1985,FEMALE,HIGH SCHOOL,12008.75,DIVORCED,63,64,150,12
1986,FEMALE,BACHELOR,27712.5,NEVER MARRIED,29,63,174,40
1987,MALE,GRADUATE,33255,MARRIED,60,74,215,60
1988,MALE,HIGH SCHOOL,3325.5,NEVER MARRIED,20,66,155,79
1989,FEMALE,HIGH SCHOOL,369.5,DIVORCED,65,66,157,40
1992,FEMALE,HIGH SCHOOL,15703.75,DIVORCED,67,66,180,40
2001,MALE,LT HIGH SCHOOL,12008.75,SEPARATED,58,67,180,20
2003,MALE,LT HIGH SCHOOL,40645,DIVORCED,45,65,175,35
2007,FEMALE,HIGH SCHOOL,24017.5,NEVER MARRIED,54,62,181,52
2008,MALE,HIGH SCHOOL,49882.5,DIVORCED,53,69,170,20
2019,MALE,HIGH SCHOOL,158656.952,MARRIED,39,70,268,40
2022,FEMALE,HIGH SCHOOL,4064.5,NEVER MARRIED,35,62,161,20
2023,FEMALE,HIGH SCHOOL,33255,MARRIED,25,65,200,57
2024,MALE,HIGH SCHOOL,40645,MARRIED,51,67,155,84
2027,FEMALE,HIGH SCHOOL,6651,SEPARATED,30,63,145,40
2029,MALE,LT HIGH SCHOOL,2586.5,NEVER MARRIED,49,71,115,32
2032,FEMALE,LT HIGH SCHOOL,24017.5,MARRIED,62,60,130,28
2033,FEMALE,JUNIOR COLLEGE,20322.5,MARRIED,35,64,150,30
2034,MALE,BACHELOR,158656.952,MARRIED,55,66,196,70
2038,FEMALE,GRADUATE,40645,DIVORCED,41,69,150,50
2039,MALE,JUNIOR COLLEGE,40645,MARRIED,53,65,165,40
2044,FEMALE,HIGH SCHOOL,17551.25,DIVORCED,61,60,165,89
2045,MALE,HIGH SCHOOL,33255,WIDOWED,48,68,145,40
2046,MALE,HIGH SCHOOL,1478,NEVER MARRIED,21,67,150,33
2049,MALE,HIGH SCHOOL,24017.5,NEVER MARRIED,36,68,200,40
2050,MALE,HIGH SCHOOL,13856.25,DIVORCED,32,72,185,40
2052,FEMALE,GRADUATE,49882.5,NEVER MARRIED,29,61,103,45
2058,MALE,JUNIOR COLLEGE,33255,MARRIED,31,71,168,45
2064,FEMALE,HIGH SCHOOL,15703.75,WIDOWED,61,63,165,40
2066,FEMALE,GRADUATE,33255,DIVORCED,43,70,160,50
2067,FEMALE,BACHELOR,60967.5,DIVORCED,43,67,165,40
2069,MALE,GRADUATE,17551.25,SEPARATED,58,69,168,35
2070,FEMALE,GRADUATE,60967.5,NEVER MARRIED,34,64,164,50
2074,FEMALE,HIGH SCHOOL,17551.25,MARRIED,53,66,213,50
2075,FEMALE,GRADUATE,60967.5,MARRIED,56,63,129,45
2078,FEMALE,HIGH SCHOOL,33255,NEVER MARRIED,38,68,130,35
2079,FEMALE,HIGH SCHOOL,8313.75,WIDOWED,61,66,185,35
2080,MALE,HIGH SCHOOL,20322.5,DIVORCED,65,68,170,50
2081,MALE,HIGH SCHOOL,33255,DIVORCED,48,71,170,49
2082,MALE,LT HIGH SCHOOL,49882.5,MARRIED,32,69,170,40
2085,MALE,JUNIOR COLLEGE,20322.5,SEPARATED,61,67,147,20
2087,FEMALE,HIGH SCHOOL,20322.5,SEPARATED,25,64,147,38
2090,FEMALE,HIGH SCHOOL,27712.5,MARRIED,64,71,152,55
2093,FEMALE,HIGH SCHOOL,20322.5,WIDOWED,67,63,125,30
2098,MALE,HIGH SCHOOL,40645,MARRIED,43,65,195,52
2099,MALE,HIGH SCHOOL,15703.75,SEPARATED,39,71,205,70
2100,MALE,LT HIGH SCHOOL,33255,MARRIED,56,70,240,50
2102,MALE,LT HIGH SCHOOL,12008.75,MARRIED,29,64,178,40
2107,MALE,JUNIOR COLLEGE,24017.5,NEVER MARRIED,27,70,210,20
2111,FEMALE,HIGH SCHOOL,17551.25,MARRIED,35,60,154,40
2112,FEMALE,HIGH SCHOOL,15703.75,NEVER MARRIED,42,67,200,40
2113,MALE,HIGH SCHOOL,33255,MARRIED,37,58,135,40
2118,MALE,HIGH SCHOOL,33255,NEVER MARRIED,33,70,285,40
2123,FEMALE,LT HIGH SCHOOL,17551.25,DIVORCED,53,67,260,40
2132,FEMALE,LT HIGH SCHOOL,24017.5,DIVORCED,41,66,220,40
2133,MALE,HIGH SCHOOL,20322.5,MARRIED,27,73,300,60
2143,FEMALE,HIGH SCHOOL,24017.5,MARRIED,51,64,170,40
2147,MALE,HIGH SCHOOL,12008.75,MARRIED,48,71,240,40
2149,FEMALE,HIGH SCHOOL,158656.952,MARRIED,62,64,180,60
2150,FEMALE,JUNIOR COLLEGE,4064.5,NEVER MARRIED,31,64,160,43
2152,FEMALE,BACHELOR,40645,MARRIED,39,64,135,30
2154,MALE,BACHELOR,60967.5,MARRIED,36,75,200,50
2155,MALE,HIGH SCHOOL,158656.952,MARRIED,65,71,215,40
2161,MALE,BACHELOR,49882.5,MARRIED,65,70,180,50
2163,MALE,HIGH SCHOOL,15703.75,MARRIED,79,65,130,30
2165,MALE,BACHELOR,33255,WIDOWED,40,70,240,60
2166,FEMALE,JUNIOR COLLEGE,27712.5,SEPARATED,44,65,160,42
2168,FEMALE,HIGH SCHOOL,17551.25,DIVORCED,68,65,165,20
2171,MALE,BACHELOR,40645,DIVORCED,47,73,265,38
2172,MALE,HIGH SCHOOL,20322.5,DIVORCED,39,72,230,40
2173,FEMALE,JUNIOR COLLEGE,8313.75,NEVER MARRIED,36,66,195,52
2174,MALE,HIGH SCHOOL,40645,DIVORCED,33,70,225,50
2176,FEMALE,BACHELOR,24017.5,DIVORCED,40,66,155,40
2178,MALE,GRADUATE,40645,MARRIED,37,74,180,40
2181,FEMALE,HIGH SCHOOL,8313.75,NEVER MARRIED,34,65,202,73
2182,MALE,HIGH SCHOOL,24017.5,NEVER MARRIED,27,71,170,38
2184,MALE,BACHELOR,33255,MARRIED,32,72,185,50
2185,MALE,HIGH SCHOOL,27712.5,NEVER MARRIED,32,65,210,53
2188,MALE,HIGH SCHOOL,60967.5,MARRIED,55,69,240,50
2194,MALE,HIGH SCHOOL,60967.5,DIVORCED,53,72,205,55
2195,MALE,HIGH SCHOOL,5542.5,NEVER MARRIED,21,67,230,40
2196,MALE,BACHELOR,73900,NEVER MARRIED,61,72,230,50
2209,FEMALE,GRADUATE,88680,MARRIED,34,66,148,30
2210,MALE,HIGH SCHOOL,40645,MARRIED,60,69,215,10
2213,FEMALE,HIGH SCHOOL,15703.75,MARRIED,25,61,125,12
2214,FEMALE,GRADUATE,8313.75,MARRIED,53,66,200,40
2216,FEMALE,HIGH SCHOOL,17551.25,MARRIED,56,63,110,40
2217,FEMALE,HIGH SCHOOL,2586.5,WIDOWED,35,61,180,40
2218,MALE,JUNIOR COLLEGE,20322.5,MARRIED,30,70,187,40
2220,MALE,HIGH SCHOOL,6651,NEVER MARRIED,26,76,230,60
2221,MALE,HIGH SCHOOL,24017.5,MARRIED,33,73,165,70
2222,FEMALE,HIGH SCHOOL,24017.5,DIVORCED,32,67,170,40
2223,FEMALE,GRADUATE,60967.5,MARRIED,42,65,140,70
2225,MALE,HIGH SCHOOL,24017.5,MARRIED,26,62,157,70
2228,FEMALE,JUNIOR COLLEGE,40645,NEVER MARRIED,41,68,180,40
2230,MALE,BACHELOR,27712.5,MARRIED,48,71,200,40
2231,MALE,BACHELOR,60967.5,MARRIED,28,71,160,50
2232,MALE,BACHELOR,49882.5,MARRIED,37,74,230,80
2234,MALE,HIGH SCHOOL,49882.5,MARRIED,40,72,175,40
2235,FEMALE,HIGH SCHOOL,3325.5,MARRIED,24,65,245,40
2237,MALE,HIGH SCHOOL,1478,NEVER MARRIED,58,71,220,25
2238,MALE,JUNIOR COLLEGE,33255,NEVER MARRIED,47,66,157,48
2241,MALE,BACHELOR,40645,MARRIED,27,72,170,50
2244,FEMALE,GRADUATE,60967.5,MARRIED,31,64,155,56
2246,FEMALE,HIGH SCHOOL,369.5,MARRIED,47,70,168,15
2254,FEMALE,HIGH SCHOOL,6651,MARRIED,55,65,190,5
2256,MALE,HIGH SCHOOL,369.5,NEVER MARRIED,44,71,150,40
2259,MALE,LT HIGH SCHOOL,15703.75,MARRIED,58,71,180,40
2261,MALE,BACHELOR,158656.952,MARRIED,48,74,260,60
2263,MALE,HIGH SCHOOL,49882.5,MARRIED,49,72,240,40
2264,MALE,BACHELOR,40645,MARRIED,38,71,180,40
2267,FEMALE,JUNIOR COLLEGE,10161.25,MARRIED,41,69,195,25
2268,FEMALE,GRADUATE,49882.5,DIVORCED,70,70,226,32
2269,MALE,HIGH SCHOOL,33255,MARRIED,56,78,240,40
2273,MALE,HIGH SCHOOL,20322.5,MARRIED,30,69,215,40
2274,FEMALE,LT HIGH SCHOOL,2586.5,MARRIED,46,62,124,40
2276,MALE,HIGH SCHOOL,33255,MARRIED,30,73,170,20
2278,FEMALE,HIGH SCHOOL,40645,MARRIED,60,64,220,52
2283,FEMALE,BACHELOR,8313.75,NEVER MARRIED,39,64,165,40
2285,FEMALE,HIGH SCHOOL,33255,SEPARATED,26,61,186,30
2286,FEMALE,HIGH SCHOOL,49882.5,MARRIED,58,65,212,40
2288,MALE,GRADUATE,158656.952,DIVORCED,62,71,220,50
2290,FEMALE,JUNIOR COLLEGE,15703.75,MARRIED,48,66,168,52
2294,MALE,HIGH SCHOOL,17551.25,NEVER MARRIED,40,70,205,47
2295,FEMALE,HIGH SCHOOL,20322.5,MARRIED,41,63,190,40
2297,FEMALE,JUNIOR COLLEGE,49882.5,MARRIED,39,64,190,28
2303,FEMALE,HIGH SCHOOL,6651,MARRIED,59,60,141,15
2309,FEMALE,HIGH SCHOOL,24017.5,MARRIED,58,67,140,36
2312,MALE,HIGH SCHOOL,27712.5,MARRIED,22,69,175,45
2313,MALE,HIGH SCHOOL,40645,NEVER MARRIED,33,71,205,89
2314,MALE,BACHELOR,17551.25,NEVER MARRIED,27,70,235,28
2315,FEMALE,BACHELOR,33255,NEVER MARRIED,46,74,200,60
2319,FEMALE,LT HIGH SCHOOL,1478,MARRIED,43,65,192,32
2324,FEMALE,GRADUATE,24017.5,MARRIED,45,67,174,40
2335,MALE,GRADUATE,49882.5,MARRIED,43,72,218,40
2337,FEMALE,JUNIOR COLLEGE,10161.25,MARRIED,44,64,225,40
2339,FEMALE,HIGH SCHOOL,27712.5,DIVORCED,24,64,143,40
2343,MALE,JUNIOR COLLEGE,49882.5,WIDOWED,44,68,190,45
2345,MALE,HIGH SCHOOL,17551.25,MARRIED,65,76,280,20
2348,FEMALE,HIGH SCHOOL,2586.5,NEVER MARRIED,19,60,108,40
2350,FEMALE,HIGH SCHOOL,369.5,WIDOWED,74,61,124,30
2351,FEMALE,HIGH SCHOOL,24017.5,MARRIED,31,65,180,40
2352,FEMALE,HIGH SCHOOL,27712.5,DIVORCED,54,67,165,40
2354,MALE,HIGH SCHOOL,103460,DIVORCED,49,69,228,50
2358,FEMALE,BACHELOR,15703.75,DIVORCED,42,69,194,83
2361,MALE,HIGH SCHOOL,17551.25,MARRIED,60,72,220,40
2364,MALE,BACHELOR,8313.75,NEVER MARRIED,54,69,260,60
2365,MALE,HIGH SCHOOL,40645,DIVORCED,48,72,244,70
2366,MALE,BACHELOR,20322.5,WIDOWED,76,63,105,8
2368,FEMALE,HIGH SCHOOL,27712.5,DIVORCED,64,65,126,40
2369,MALE,HIGH SCHOOL,88680,MARRIED,32,68,170,40
2370,MALE,HIGH SCHOOL,40645,MARRIED,50,70,240,65
2373,FEMALE,JUNIOR COLLEGE,20322.5,MARRIED,59,66,136,55
2374,MALE,GRADUATE,158656.952,DIVORCED,40,70,290,89
2377,MALE,HIGH SCHOOL,10161.25,NEVER MARRIED,24,66,180,28
2378,FEMALE,BACHELOR,15703.75,NEVER MARRIED,24,65,139,45
2380,FEMALE,HIGH SCHOOL,4803.5,NEVER MARRIED,26,59,145,35
2381,FEMALE,HIGH SCHOOL,13856.25,NEVER MARRIED,30,66,140,40
2383,MALE,HIGH SCHOOL,60967.5,MARRIED,49,68,178,45
2385,FEMALE,BACHELOR,33255,NEVER MARRIED,38,67,185,44
2387,FEMALE,BACHELOR,33255,MARRIED,54,62,135,40
2393,MALE,HIGH SCHOOL,40645,NEVER MARRIED,28,72,270,55
2394,FEMALE,JUNIOR COLLEGE,17551.25,MARRIED,40,63,161,30
2395,MALE,HIGH SCHOOL,369.5,DIVORCED,20,73,185,24
2397,FEMALE,HIGH SCHOOL,24017.5,MARRIED,56,63,168,40
2399,MALE,HIGH SCHOOL,20322.5,NEVER MARRIED,24,74,220,35
2400,MALE,GRADUATE,33255,MARRIED,38,69,170,50
2401,FEMALE,HIGH SCHOOL,40645,NEVER MARRIED,47,64,280,40
2403,FEMALE,GRADUATE,33255,MARRIED,54,62,130,46
2405,FEMALE,LT HIGH SCHOOL,8313.75,MARRIED,30,64,138,30
2407,FEMALE,BACHELOR,40645,MARRIED,54,65,148,40
2412,MALE,JUNIOR COLLEGE,49882.5,MARRIED,51,67,150,40
2413,FEMALE,HIGH SCHOOL,5542.5,MARRIED,51,66,153,15
2415,FEMALE,HIGH SCHOOL,6651,NEVER MARRIED,31,64,135,34
2416,MALE,HIGH SCHOOL,49882.5,DIVORCED,44,70,220,57
2417,FEMALE,BACHELOR,40645,DIVORCED,63,67,175,50
2418,FEMALE,HIGH SCHOOL,33255,NEVER MARRIED,27,64,260,40
2419,MALE,LT HIGH SCHOOL,60967.5,MARRIED,48,70,205,65
2423,MALE,BACHELOR,60967.5,MARRIED,30,67,195,48
2428,MALE,GRADUATE,158656.952,MARRIED,67,70,183,75
2434,FEMALE,JUNIOR COLLEGE,33255,MARRIED,29,65,135,24
2438,FEMALE,JUNIOR COLLEGE,17551.25,DIVORCED,42,59,155,41
2447,FEMALE,LT HIGH SCHOOL,12008.75,DIVORCED,62,68,200,35
2450,FEMALE,HIGH SCHOOL,4064.5,MARRIED,62,67,264,80
2451,FEMALE,HIGH SCHOOL,20322.5,MARRIED,52,65,237,55
2454,FEMALE,HIGH SCHOOL,33255,MARRIED,26,63,180,55
2455,MALE,JUNIOR COLLEGE,15703.75,MARRIED,71,72,165,70
2457,MALE,HIGH SCHOOL,12008.75,MARRIED,74,68,185,40
2459,MALE,BACHELOR,33255,MARRIED,40,70,200,60
2464,MALE,HIGH SCHOOL,15703.75,NEVER MARRIED,20,68,153,40
2465,FEMALE,HIGH SCHOOL,17551.25,MARRIED,40,68,212,44
2466,MALE,HIGH SCHOOL,40645,DIVORCED,56,69,190,40
2467,MALE,HIGH SCHOOL,33255,DIVORCED,64,68,150,40
2474,FEMALE,BACHELOR,158656.952,DIVORCED,38,65,145,45
2475,MALE,JUNIOR COLLEGE,49882.5,MARRIED,53,73,235,67
2480,FEMALE,HIGH SCHOOL,20322.5,DIVORCED,55,65,208,40
2482,FEMALE,HIGH SCHOOL,17551.25,DIVORCED,53,70,170,20
2484,FEMALE,HIGH SCHOOL,17551.25,MARRIED,56,64,250,40
2488,FEMALE,HIGH SCHOOL,20322.5,NEVER MARRIED,26,66,202,28
2492,FEMALE,HIGH SCHOOL,5542.5,NEVER MARRIED,25,64,103,34
2500,MALE,HIGH SCHOOL,20322.5,DIVORCED,53,72,200,60
2508,FEMALE,JUNIOR COLLEGE,17551.25,MARRIED,41,61,160,40
2510,MALE,HIGH SCHOOL,24017.5,WIDOWED,46,71,323,43
2512,MALE,JUNIOR COLLEGE,33255,NEVER MARRIED,34,70,180,40
2514,FEMALE,HIGH SCHOOL,13856.25,MARRIED,34,63,125,40
2517,MALE,GRADUATE,40645,MARRIED,65,68,165,40
2518,FEMALE,BACHELOR,17551.25,MARRIED,48,68,140,55
2519,FEMALE,HIGH SCHOOL,8313.75,MARRIED,38,65,193,15
2521,FEMALE,BACHELOR,6651,MARRIED,48,70,150,20
2522,FEMALE,HIGH SCHOOL,24017.5,DIVORCED,49,67,200,50
2523,MALE,BACHELOR,24017.5,MARRIED,54,72,195,40
2524,MALE,BACHELOR,33255,MARRIED,49,70,195,40
2525,FEMALE,BACHELOR,33255,MARRIED,53,64,150,40
2526,MALE,BACHELOR,40645,MARRIED,52,72,200,50
2530,MALE,HIGH SCHOOL,33255,MARRIED,62,71,215,48
2531,MALE,HIGH SCHOOL,1478,NEVER MARRIED,40,71,230,48
2535,MALE,HIGH SCHOOL,33255,DIVORCED,56,72,195,46
2536,MALE,HIGH SCHOOL,8313.75,NEVER MARRIED,24,68,145,40
2537,MALE,HIGH SCHOOL,27712.5,NEVER MARRIED,27,68,180,40
2538,FEMALE,HIGH SCHOOL,15703.75,WIDOWED,71,63,140,48
